[{"name": "Alice", "age": 28, "country": "USA", "skills": ["Python", "JavaScript", "SQL"], "job": "Software Engineer", "experience_years": 5}, {"name": "Bob", "age": 35, "country": "UK", "skills": ["Java", "C#", "Python"], "job": "Senior Developer", "experience_years": 10}, {"name": "Charlie", "age": 22, "country": "Canada", "skills": ["JavaScript", "HTML", "CSS"], "job": "Web Developer", "experience_years": 2}, {"name": "Eva", "age": 29, "country": "Australia", "skills": ["Ruby", "Swift", "Java"], "job": "Mobile App Developer", "experience_years": 6}, {"name": "David", "age": 40, "country": "USA", "skills": ["C++", "Python", "R"], "job": "DataScientist", "experience_years": 15}]